id,comment,org
1,"BSA | The Software Alliance (BSA) appreciates the opportunity to provide comments to the Telecom Regulatory Authority of India (TRAI) on its Consultation Paper on Leveraging Artificial Intelligence and Big Data in Telecommunication Sector (Consultation Paper). 1","BSA"
2,"BSA is the leading advocate for the global software industry before governments and in the international marketplace. Our members are at the forefront of software-enabled innovation that is fuelling global economic growth, including cloud computing and artificial intelligence (AI) products and services. 2 As leaders in AI development, BSA members have unique insights into both the tremendous potential that AI holds to address a variety of social challenges and the governmental policies that can best support the responsible use of AI and ensure continued innovation.","BSA"
3,"We welcome TRAI’s recognition of the opportunities presented by the development and deployment of AI in the telecom sector. TRAI rightly acknowledges that AI can generate substantial economic growth and enable participants in the telecommunications sector to provide better and more responsive services. 3 Additionally, TRAI rightfully notes that AI plays an important role in providing advanced cybersecurity solutions that keep up with evolving threats. These benefits of AI should be allowed to prosper in the telecom sector – and in all sectors. In our submission, we provide principles","BSA"
4,"1 Telecom Regulatory Authority of India, Consultation Paper on Leveraging Artificial Intelligence and Big Data in Telecommunication Sector, dated 05 August 2022, https://trai.gov.in/sites/default/files/CP_05082022.pdf. 2 BSA’s members include: Adobe, Alteryx, Altium, Amazon Web Services, Atlassian, Autodesk, Bentley Systems, Box, Cisco, CNC/Mastercam, CrowdStrike, Dassault, Databricks, DocuSign, Dropbox, Graphisoft, IBM, Informatica, Intel, Kyndryl, MathWorks, Microsoft, Nikon, Okta, Oracle, Prokon, PTC, Rockwell, Salesforce, SAP, ServiceNow, Shopify Inc., Siemens Industry Software Inc., Splunk, Trend Micro, Trimble Solutions Corporation, TriNet, Twilio, Unity Technologies, Inc., Workday, Zendesk, and Zoom Video Communications, Inc. 3 Telecom Regulatory Authority of India, Consultation Paper on Leveraging Artificial Intelligence and Big Data in Telecommunication Sector, dated 05 August 2022, https://trai.gov.in/sites/default/files/CP_05082022.pdf, page 2. for a flexible policy framework to facilitate the responsible uptake of AI in the telecommunications and other sectors. Our key recommendations are outlined below:","BSA"
5,"Summary of BSA’s Recommendations 1. AI regulation should be risk-based and systematic. 2. Maintain strong data innovation policies. 3. Account for different roles and responsibilities of stakeholders. 4. Ensure global interoperability of regulations. 5. Promote competition and innovation in procurement. 6. Use tools and resources to mitigate the risk of bias; and 7. Coordinate with other regulatory bodies","BSA"
6,"Details of BSA’s Recommendations 1. AI regulations should be informed by existing law, and be risk-based and context- specific. BSA agrees with TRAI’s observations that there is a need to adopt mechanisms to address AI-related risks and promote responsible and trustworthy AI systems. 4 In this regard, we encourage TRAI to consider a systematic, risk-based regulatory approach. Such an approach would limit regulation to AI systems deployed in high-risk scenarios and where significant risks to individuals are likely to arise.","BSA"
7,"AI and machine learning are used for a vast array of purposes in telecommunications, including traffic engineering, device onboarding and configuration, mobility management, security analytics and threat detection, predictive maintenance, and so many more. Some of these uses are as different from each other in terms of their wider implications on users and customers as they would be from AI uses in entirely different sectors. These facts reinforce the need for context-specific approaches focused on the risks involved with particular use cases, as opposed to the broad set of uses associated with telecommunications.","BSA"
8,"To minimise regulatory duplication, TRAI should first evaluate the adequacy of the existing legal framework to determine whether new AI-specific regulations are needed. In evaluating the sufficiency of existing laws, policymakers should be guided by two considerations. First, to promote trust and confidence in AI, the public should be assured that the law will continue to afford the same level of protection irrespective of whether a decision is made by a person or an automated system. Second, to promote AI innovation and adoption, it is vital to ensure that there is sufficient clarity about how existing laws and regulations will apply to AI. Thus, we recommend that TRAI consider the need for specific AI regulations only in circumstances where there is a demonstrated gap in the existing framework, including sector-specific regulations.","BSA"
9,"As a general principle, the scope of any regulatory obligations should be a function of the degree of risk and the potential scope and severity of harm. Many AI systems and the manner in which they are deployed pose extremely low, or even no, risk to individuals or society, and imposing onerous regulations on the entities developing and/or deploying such systems would only unduly hamper","BSA"
10,"4 Telecom Regulatory Authority of India, Consultation Paper on Leveraging Artificial Intelligence and Big Data in Telecommunication Sector, dated 05 August 2022, https://trai.gov.in/sites/default/files/CP_05082022.pdf, page 82. innovation. Regulations should therefore focus on high-risk applications of AI, such as uses of AI that may have significant consequence on a person’s life (e.g., access to food, water or healthcare services or credit) or that pose a significant risk of physical harm. To this end, it will be important to carefully assess scenarios that should be deemed as high-risk and hence be subject to legal requirements.","BSA"
11,"The risks that AI poses and the appropriate mechanisms for mitigating those risks are largely context specific. Rather than regulating AI as a technology, regulatory activity should instead focus on particular applications of AI that may involve specific risks. Moreover, because the appropriate mechanisms for addressing risks will vary depending on the nature of the AI system and the setting in which it is being deployed, regulators should avoid prescriptive, one-size-fits-all technical requirements. Instead, BSA encourages regulatory approaches that provide incentives to adopt process-based accountability mechanisms, such as impact assessments, for particularly high- risk applications of AI.","BSA"
12,"AI systems are “trained” by ingesting enormous volumes of data. Their efficacy and benefits are therefore dependent on the quantity and quality of data that is available for training. As a result, policies affecting the ability to access and share data have a significant influence on the development of AI systems and the quality of their outputs. To promote innovation and adoption of AI, TRAI should consider: a) ensuring that data can move freely across borders; b) making non-sensitive government data assets freely available and usable for the general public; and c) promoting voluntary data sharing mechanisms. 7","BSA"
13,"The National Association of Software and Service Companies (NASSCOM) and the Data Security Council of India (DSCI) welcome the opportunity to submit our response to the Consultation Paper on “Leveraging Artificial Intelligence and Big Data in the Telecommunication Sector” (Paper) released by the Telecom Regulatory Authority of India (TRAI) in August 2022.i","NASSCOM-DSCI"
14,"General comments First, the Paper covers considerable ground and has a wide scope, since it deals with the interplay of three concepts – Artificial Intelligence (AI), Big Data (BD), and the future of telecom networks – and their interplay all together. ii While the primary focus for the Paper was on AI & BD in telecomiii, it engages with many sector-agnostic aspects as well.iv We appreciate the effort to adopt a comprehensive approach. However, we do find that, at various places, it is not clear what is the context of a particular question from a telecom policy or regulatory perspective. For example, the first question asks on what the most appropriate definition of AI can be. It is unclear whether this was posed more to understand the state of the art or to frame a definition for a future telecom policy or regulatory initiative.","NASSCOM-DSCI"
15,"Second, several questions focus on examining how telecom and next-generation networks could enable the adoption of AI & BD across sectors. We submit that there are two separate issues: (1) the sector-specific adoption of AI & BD within telecom and next-generation networks (2) the sector-agnostic adoption of AI & BD across sectors, where telecom and next-generation networks are one of the many enablers. In both cases, firms and governments will require several enablers, capabilities, and resources, including network connectivity, data, and talent, to leverage AI & BD to their fullest. This is to be kept in mind when framing future policies or regulations: that we do not over-emphasise one enabler (here, networks) over others. This also points towards a need for a more cohesive and integrated approach to AI & BD policy and regulation going forward. We need multiple stakeholders to collaborate, so that such initiatives are not limited in scope by sector-specific or enabler-specific perspectives. We discuss this further in our responses to chapter 4 below.","NASSCOM-DSCI"
16,"In this section, we provide our responses to the issues for consultation. Since the Paper covers much ground, our approach has been to provide consolidated responses on the questions raised in each section of the Paper. The sections are arranged chapter-wise, except for chapter 5, the largest chapter, which we have sub-divided our responses as per its sub-sections. We have also underlined which parts of each of the questions our responses are focusing on.","NASSCOM-DSCI"
17,"Q1. What may be the most appropriate definition of Artificial Intelligence (AI)? What are the broad requirements to develop and deploy AI models in a telecom sector? Whether any major challenges are faced by the telecom service providers in adopting AI? Please justify your response with rationale and global practices, if any.","NASSCOM-DSCI"
18,"Q2. Whether the big data in the telecom sector may be utilised for developing AI models? For efficient and effective handling of big data, whether there is a need for adoption of special programming models or software frameworks? Please justify your response with suitable examples and global practices, if any.","NASSCOM-DSCI"
19,"Q4. Do you think that a number of terminologies such as Trustworthy AI, Responsible AI, Explainable AI etc. have evolved to describe various aspects of AI but they overlap and do not have any standardised meanings? If yes, whether there is a need to define or harmonise these terms? Please justify your response with rationale and global practices, if any.","NASSCOM-DSCI"
20,"The definition of artificial intelligence As the Paper notes as well, a universally accepted or applicable definition of AI does not exist. A major reason for this is that the term ‘AI’ does not refer to one single thing. It may be used to refer to the academic discipline or field of inter-disciplinary study, that draws from the cognitive, statistical, and computer sciences. AI can also be used to refer to models, namely, specific software programs that implement algorithms studied in different fields, such as computer vision or machine learning.v AI can also be used to refer to automated decision-making systems, which are technical systems used to aid or augment human decision-making, often using AI models.vi It may also be used in more general terms to refer to a wide variety of applications that are seen to enable machines to perform a task that is associated with human intelligence, such as reasoning or pattern recognition.vii","NASSCOM-DSCI"
21,"We point this out to demonstrate the challenge with trying to arrive at an ‘appropriate’ definition of AI – that the ‘appropriateness’ of the definition depends on what precisely is being referred to and why the definition is required. The question in the paper does not provide any context to the use of the definition. If it is intended to be used to define regulation or a law, then we would suggest that, rather than trying to define AI, it is better to define the application or product that is sought to be addressed. This is because, in practice, AI systems are built, not as “general- purpose” systems, but as domain-specific systems designed for specific tasks, and are, therefore, not comparable.","NASSCOM-DSCI"
22,"Page 2 of 18 for regulations to incentivise safe driving outcomes and penalise harms on account of unsafe driving behaviour and contextualise these motivations to different types of AI systems with varying capabilities.ix A general definition of AI for a legal instrument may also risk only serving a symbolic purpose – a criticism of the European Commission’s draft Artificial Intelligence Act, where the general definition of AI offers little in terms of clarity, and where the actual material scope of the draft law is defined by a list of specific applications contained in its Annexures.x","NASSCOM-DSCI"
23,"Perhaps the lack of a precise, universally accepted definition of AI probably has helped the field to grow and advance.xi To elaborate, subtle differences in definition can have major impacts on some of the most important problems facing policymakers.xii For instance, automation and AI sound similar, but may have vastly different impacts on the future of work.xiii Similarly, there is a risk that traditional software which are quite different from AI, may end up getting covered within the scope of a broad definition of AI.xiv These can have unintended outcomes like, regulatory excess, overlap and/or ambiguity and unnecessary costs. Globally such risks are being recognised, and therefore, we must too.","NASSCOM-DSCI"
24,"The difficulty with adopting a single definition of AI has also been acknowledged by multiple countries. The UNESCO, in its Recommendations on the Ethics of Artificial Intelligence (UNESCO Recommendations), adopted in 2021, did not try to adopt a single definition of AI, noting that such a definition would need to change over time with technological change.xv It instead focused on identifying three features of AI systems that, as per the recommendations, are of central ethical relevance. These are that: (1) AI systems are designed to operate with varying degrees of autonomy and across domains (2) ethical questions arise across all stages of the AI system life cycle and (3) AI systems can raise a wide range of ethical issues.xvi","NASSCOM-DSCI"
25,"Q.1. What may be the most appropriate definition of Artificial Intelligence (AI)? What are the broad requirements to develop and deploy AI models in a telecom sector? Whether any major challenges are faced by the telecom service providers in adopting AI? Please justify your response with rationale and global practices, if any.","Broadband India Forum"
26,"Over the years, there have been numerous attempts to define AI precisely. However, till date, there is no globally accepted definition of AI. Governments, regulatory agencies, international agencies, and other forums have adopted varying definitions depending on the context before them. According to John McCarthy, the father of AI, who coined the term in 1956, defines it as ""the science and engineering of making intelligent machines.""","Broadband India Forum"
27,"i. ETSI20 defines AI as “a computerised system that uses cognition to understand information and solve problems”. ii. ISO/IEC 2382-28 [i.7]21 defines AI as ""an interdisciplinary field, usually regarded as a branch of computer science, dealing with models and systems for the performance of functions generally associated with human intelligence, such as reasoning and learning"". iii. NITI Aayog in its report on the National AI Strategy defines AI as a constellation of technologies that enables machines to act with higher levels of intelligence and emulate the human capabilities of sense, comprehend and act while acknowledging the largely accepted definition of AI outlined by scientists such as John McCarthy, Alan Turing, and Marvin Minsky.","Broadband India Forum"
28,"Opportunities for Telecom Sector The evolution of AI is creating new opportunities in new market sectors and developments are continuing to drive both service demand and development of new telecom applications. Some of the use cases of AI in telecom sector are:","Broadband India Forum"
29," AI Ops for network optimization and operation  Intelligent NFV operation and maintenance platform  Intelligent data center  Intelligent Quality Inspection System  Disaggregated Network Operating System (dNOS)  AI platform for network faults automatic prediction, selfhealing and illegal access prevention  UAV for cell tower inspections  Centralized-SON  Self-driving network with self-configuration, self-monitoring and self-diagnosis function  Application to find the best available Internet connection  Expansion of the fiber optic network using AI Service  Smart home platform •  Intelligent online customer service bot •  Smart home automation system •  End-to-end service Digital Customer Experience (CX)  Smart home service  Intelligent assistant  Smart notification platform Industries  Smart government platform  Smart police product  Smart vehicle terminal •  Medical image cloud  “Super-brain” plan for smart city  Smart city •  Smart glasses and medical platform for people with poor vision •  Smart retail, energy and city business •  Smart transportation service and virtual tour service •  Radio Positioning System (RPS) for UAVs •  Smart agriculture solu","Broadband India Forum"
30,"a) Enhancing Overall Quality of Service (QoS) b) Adoption of AI and BD in telecom network may play a key role in meeting these demands of users. Leveraging these technologies would enable telecom operators to  optimise network quality with smarter detection and anomaly prediction, assisted capacity planning, and self-optimization to respond to changing conditions.  Adoption of AI will ensure more reliable services by using historical data and sophisticated algorithms for predictive maintenance. For example, AI may be used in network to manage real time traffic. At initial stage, AI may predominately focus on training and serving the predictions based on static model. This initial training of model will be done on offline data using supervised learning. At later stage, the reinforcement learning paradigm may be used in real time environment where model will interact with real-time data, perform continuous simulations and take necessary actions that impact the real time provisioning of the service. With the passage of time, the AI model based on historical data, can choose any action as a function of the history, and finally optimise the system parameters with the most recent real-","Broadband India Forum"
31,"(i) Wireless spectrum has been managed and utilised over many decades through a complex regulatory framework and policies. These policies are mostly suitable for allocation of fixed frequency bands for a particular type of services and they are often suboptimal and rigid, preventing efficient use of wireless spectrum. The manual process of assessing spectrum needs may be problematic due to the growing level of interdependencies in the spectrum domain. Manual allocation of spectrum so far has yielded satisfactory results but as the number of services using spectrum as resources are increasing exponentially, the demand for spectrum is also increasing exponentially. Further, technology advancements in radio systems, be it back haul and/or access has made spectrum usage more efficient across various bands through software-controlled Radio Frequency (RF) devices. (ii) 5G Services which has varied applications in various frequency bands will be highly reliant on intelligent spectrum management techniques, and therefore will require a dynamic network environment for a high reliability and high quality-of-experience. In this context, use of AI and ML is expected to play a very important ro","Broadband India Forum"
32,"Some of the common challenges that most companies face when trying to implement Artificial Intelligence, include (a) limited AI expertise and knowledge, access to quality data, and AI specific infrastructure. (b) Considering the inherent advantages associated with AI, in order to address the challenges related to trust, new terminologies such as Trustworthy AI, Responsible AI, Explainable AI are being coined by various organisations and nations. Some use these terms to build AI systems following defined principles. (c) AI for Good (ITU), which aims to bring forward Artificial Intelligence research that contributes towards more global problems through the Sustainable Development Goals. AI, which may be responsible for the fourth industrial revolution, should be used responsibly dealing with the larger problems of humanity as a whole. (d) Responsible AI (RAI): The impetus behind responsible AI is to design, develop and deploy AI with good intentions and to have a positive impact on society. This term “Responsible” has been used by many, for example, Google defined principles such as fairness, interoperability, security, and privacy. Microsoft put responsible AI principles into practi","Broadband India Forum"
33,"Q.2. Whether the big data in the telecom sector may be utilised for developing AI models? For efficient and effective handling of big data, whether there is a need for adoption of special programming models or software frameworks? Please justify your response with suitable examples and global practices, if any.","Broadband India Forum"
34,"Yes-Big data should be utilised for developing AI Models. Augmented AI is about leveraging AI for enhancing /augmenting human capabilities to process and analyse huge amounts of data, underlying patterns in Big Data. Big Data plays a key role in supporting decision making which further contributes to AI.","Broadband India Forum"
35,"With the increased availability and use of data, decisions are increasingly being facilitated or sometimes even completely taken over by using predictive modelling methods, often referred to as the use of algorithms. Using data to predict incidents or behaviour is a major part of developments related to AI. Using AI for BD is a logical step for companies looking to maximise the potential of big data. AI systems use data-driven algorithms and statistical models to analyse and find patterns in data. This is different from traditional rules-based approaches that follow explicit instructions. Big data provides raw material by which AI systems can derive insights. Many organisations are now realising the benefit of combining Big Data and AI.","Broadband India Forum"
36,"Following are the examples of how adoption of AI for BD benefits the organisations. i. Netflix uses ML algorithms for better understanding the users, and providing more personalised recommendations. This keeps the user on their platform for longer period and creates an overall positive customer experience. ii. Google uses ML to provide users with a highly valuable and personalised experience. They are using ML in a variety of products including providing predictive text in emails and optimised directions for users looking to get to a designated location. iii. Starbucks is using big data, AI to provide personalised emails using data from customers' past purchases. Rather than crafting only a few dozen emails on a monthly basis with offers for the broad Starbucks audience, Starbucks is using its ""digital flywheel"" with AI-enabled capabilities to generate over 400,000 personalised weekly emails featuring different promotions and offers. iv. Topic Data is a Facebook technology that displays to marketers the responses of the audience about brands, events, activities, and subjects in a way that keeps their personal information private. Marketers use the information from topic data to sel","Broadband India Forum"
37,"Terms such as artificial intelligence (AI) and big data have come up to describe the explosion of data that has taken place along with the new technologies that have evolved and have helped in sorting through this data and deriving value from combining and analyzing large data sets.","COAI"
38,"However, the concept of AI and Big Data and its use across various sectors of economies, including Telecommunications, is still at a very nascent stage. It is important to be mindful of the fact that AI is not a telecom service or a connectivity solution, rather a wider ICT technology that is emerging as an IT capability that can be customized over a period of time to solve a lot of today’s problems.","COAI"
39,"Given that its exploration and use is still at a nascent stage and will be very much driven by how the wider IT and computing capabilities of organizations develop, any specific regulatory intervention/ mandate / regulation around its deployment in telecom networks or services will constrain not only its development but the adoption of it as well.","COAI"
40,"We are of the considered view that the regulator should leave the emergence, deployment and adoption of AI and Big Data in the telecom sector to the market players for now, as each player will have a different set of techno-commercial considerations and solutions to look at based on their own networks and service needs.","COAI"
41,"In any case, Telcos have always been at the forefront of bringing such innovations not just as external service offerings, but also to optimize their own network and service operations. It goes without saying that it is in the Telcos’ best interest to continue to bring more efficiency within their network operations and performances, to drive costs optimization, increase customer satisfaction and generate better efficiencies.","COAI"
42,"We submit and stress that before we frame any regulation related to AI and BD in the country, it is imperative that a comprehensive PDP Bill and NPD Governance Framework is put in place to strike balance between harnessing potential of AI & BD and protecting interest of a data principal. Accordingly, we request and suggest the Authority should also allow for formulation of PDP Bill and NPD framework before coming out with any recommendation on leveraging AI and Big Data in Telecommunication sector.","COAI"
43,"It is important that AI policy and regulatory framework should promote reliable, robust, and responsible AI applications, which will contribute to public trust in AI. Given the early stage of AI technology maturity and deployment into products and services for consumers, our view is that it is premature to prescribe or enact legislation, which could stifle innovation.","COAI"
44,"1 Although it is important that AI policy and regulatory framework should promote reliable, robust, and responsible AI applications, which will contribute to public trust in AI. In due course it should be followed by a framework guided by Principles through formation of a Multi Stakeholder Body.","COAI"
45,"Q.1. What may be the most appropriate definition of Artificial Intelligence (AI)? What are the broad requirements to develop and deploy AI models in a telecom sector? Whether any major challenges are faced by the telecom service providers in adopting AI? Please justify your response with rationale and global practices, if any.","COAI"
46,"1. The Authority has rightly acknowledged in this consultation that till date there is no one- specific globally accepted definition of AI. Globally, solution providers and organizations categorize AI applications based on their capabilities and functionalities. Therefore, it is probably best at this point to leave this definition to the market forces since there are still various moving factors that have to be taken into consideration.","COAI"
47,"3. There are definitions of AI given by ETSI, ISO/IEC 2382-28 and NITI Aayog. All these an attempt to define the same technology in different ways. However, since the technology is still evolving, it may not be possible to have one appropriate definition of AI. As the technology evolves appropriate definition of AI will emerge with time.","COAI"
48,"4. In the telecom industry, there are a number of networks related and customer-focused problems. In order to create and implement AI models in the telecom industry, it is necessary to analyze and make the various solutions available for each of them. AI can be deployed to resolve some of the following challenges faced by the Telecom sector:","COAI"
49,"The GSMA is a global organisation unifying the mobile ecosystem to discover, develop and deliver innovation foundational to positive business environments and societal change. Its vision is to unlock the full power of connectivity so that people, industry and society thrive. The GSMA represents mobile operators and organisations across the mobile ecosystem and adjacent industries, delivering for its members across three broad pillars: Connectivity for Good, Industry Services and Solutions, and Outreach.","GSMA"
50,"The GSMA welcomes the opportunity to provide comments on the TRAI’s consultation ‘Leveraging Artificial Intelligence and Big Data in Telecommunication Sector’. The GSMA and its members have undertaken extensive work on Artificial Intelligence (AI) and would be happy to engage with TRAI to share further learnings","GSMA"
51,"AI is a powerful, emerging force that is transforming business and society. The potential of AI technologies to unlock benefits for organisations and society is only beginning to be seen. AI can help organisations to improve prediction, optimise operations, allocate resources more efficiently, and personalise digital solutions. PwC estimates AI could contribute $15.7 trillion to the global economy by 2030. However, AI is not a futuristic technology; it is already present in everyday lives and used across a wide variety of industries. It is important to acknowledge that AI is not a telecom service or a connectivity solution, rather a wider ICT technology (and not a vertical-oriented term) that is emerging as an IT capability that can be customised over a period of time to solve a lot of today’s problems. Hence any regulations pertaining to AI should not be telco specific and apply horizontally across sectors. AI is being explored at the core operational and business models by an increasing number of mobile network operators. Three common uses are:","GSMA"
52,"• Personalised customer interaction: improved communication with customers through robotic process automation, virtual assistance, and B2B sales optimisation. • AI-driven products and services: providing services to third parties, such as location- based health insights and assisting with new approaches to credit scoring.","GSMA"
53,"- Cities and public infrastructure: Insights for cities and communities that enable better planning, service delivery, connection and mobility - Climate change and environment: Improved understanding and monitoring of environmental issues, supporting climate change impact reduction and more accurate forecasting - Managing disasters: Providing better disaster alerts, supporting emergency response, informing potential for recovery and specific rehabilitation initiatives - Industry and commerce: Inclusive and efficient economic and industrial development through increased transparency, operational planning and financial access - Social inclusion: Enhancing equity, social welfare, public access and health, and informing effective solutions to pressing social challenges","GSMA"
54,"While there is no single definition of AI yet, in its simplest form, AI is where machines perform cognitive functions similar to those attributed to humans. A commonly considered definition of AI, including within the European Commission’s (draft) AI Act, is as follows: “An ‘artificial intelligence system’ (AI system) means a system that is designed to operate with a certain level of autonomy and that, based on machine and/or human-provided data and inputs, infers how to achieve a given set of human-defined objectives using machine learning and/or logic- and knowledge based approaches, and produces system-generated outputs such as content (generative AI systems), predictions, recommendations or decisions , influencing the environments with which the AI system interacts…”.","GSMA"
55,"Telcos have always been at the forefront of bringing such innovations not just as external service offerings, but also to optimise their own network and service operations. It goes without saying that it is in the Telcos’ best interest to continue to bring more efficiency within their network operations and performances, to drive costs down, increase customer satisfaction and generate better efficiencies. Having said that, AI is an evolving field, and the basic requirements for developing and deploying AI models are the algorithms, data and compute/storage infra - used for specific business outcomes that vary with each use case / sector/ service. Industry is still exploring how it might prove to be a benefit for telecom service providers/network services.","GSMA"
56,"In developing a governance framework for AI, it is important that a risk-based approach is taken, with a clear and technically accurate definition of AI. As technology and the environment develops in the future, this definition can be revisited and adapted. However, an overly broad or open-ended definition at these early days of AI development risks extending the scope of regulation beyond what is needed, creating a disproportionate burden for developers of technology.","GSMA"
57,"In developing its regulatory proposal, the GSMA encourages TRAI to consider a set of horizontal, complementary, proportionate and flexible rules which give AI developers, deployers and users the clarity they need by intervening only in those cases which existing legislation does not cover. For example, the Government of India’s review of its proposed data protection law, presents the ideal opportunity to also consider and incorporate AI and Big Data considerations into the proposed law rather than developing separate regulations. Furthermore, AI is not specific to a particular sector, we recommend a horizontal approach. It is important to balance legal certainty for providers and users of AI with measures to ensure that framework is sufficiently flexible, future-proof and allows innovation to flourish without any prescriptive compliances. As in other countries where new AI-specific regulation is being considered, the mobile network operators in India need legal certainty and predictability as well as a fair division of responsibility across the entire ecosystem. Self-certification processes together with government oversight of high-risk AI and systems transparency requirements for","GSMA"
58,"However, since AI is a horizontal ICT concept, it is important that an overarching national legislative framework encompassing all user sectors and the economy is developed, and when the principles and parameters of AI are defined, an assessment may be undertaken to examine if a proportionate and appropriate intervention keeping in view the developments.","GSMA"
59,"To support the rapid development of technology, the GSMA also encourages the establishment of regulatory sandboxes to allow innovators to trial new products, services and business models in a real-world environment with added flexibility. For example, in a broader sense, data privacy sandboxes exist in Singapore, through the Personal Data Protection Commission’s Data Collaborative Programme. The Global Financial Innovation Network (in which Hong Kong and Singapore financial authorities participate) has announced the launch of a (cross- border) innovation sandbox for the financial services industry. The ASEAN-GSMA Regulatory Pilot Space for Cross-Border Data Flows can also help inform a model for future cross-border regulatory sandboxes for data in a broader sense3. These sandboxes can be applied horizontally are not specific to the telecom sector.","GSMA"
60,"The Telecom operator data is proprietary. It costs a great deal to obtain, capture, store, process and analyse, and could even involve IPRs. Therefore, any mandatory applicability of Telco Big data with any party/agency/entity should only be governed under a mutual commercial framework, and without any regulatory mandates at this point.","GSMA"
61,"TRAI Consultation Paper on Leveraging AI&BD in Telecom Sector - Qualcomm Response Date: Oct 12, 2022 Dear Sir, This is with reference to the TRAI consultation paper on Leveraging Artificial Intelligence and Big Data in Telecommunication Sector released on Aug 5, 2022. In our submission, we have tried to provide you with adequate and relevant information in the limited time that was given to provide our inputs to facilitate your consultation on this important topic. We shall be more than happy to provide further inputs on these or any other aspects of use of AI & BD in Telecom sector.","Qualcomm"
62,"(Q1) What may be the most appropriate definition of Artificial Intelligence (AI)? Please refer to “ISO/IEC 22989:2022 - Information technology — Artificial intelligence — Artificial intelligence concepts and terminology” 1 for the definition of AI. Reproducing the definitions below from the aforesaid standard for quick reference: 3.1.3 Artificial Intelligence The discipline of research and development of mechanisms and applications of AI systems Research and development can take place across any number of fields such as computer science, data science, natural sciences, humanities, mathematics and natural sciences. 3.1.4 artificial intelligence system An AI system is an engineered system that generates outputs such as content, forecasts, recommendations or decisions for a given set of human-defined objectives. The engineered system can use various techniques and approaches related to artificial intelligence (3.1.3) to develop a model (3.1.23) to represent data, knowledge (3.1.21), processes, etc. which can be used to conduct tasks (3.1.35).","Qualcomm"
63,"(Q2) For efficient and effective handling of big data, whether there is a need for adoption of special programming models or software frameworks? This concept is well explained in the ISO/IEC 20547-3 2 - Big Data Reference Architecture. This document specifies the big data reference architecture (BDRA). The reference architecture includes the different concepts being considered and the corresponding architectural views.","Qualcomm"
64,"1 (Q4) Do you think that a number of terminologies such as Trustworthy AI, Responsible AI, Explainable AI etc. have evolved to describe various aspects of AI but they overlap and do not have any standardized meanings? If yes, whether there is a need to define or harmonize these terms? Please justify your response with rationale and global practices, if any.","Qualcomm"
65,"The following technical report describes a standardized technical approach to Trustworthy, Responsible and Explainable AI: ISO/IEC TR 24028:2020 3 Information technology — Artificial intelligence — Overview of trustworthiness in artificial intelligence","Qualcomm"
66,"This document surveys topics related to trustworthiness in AI systems, including the following: • approaches to establish trust in AI systems through transparency, explainability, controllability, etc.; • engineering pitfalls and typical associated threats and risks to AI systems, along with possible 157 mitigation techniques and methods; and • approaches to assess and achieve availability, resiliency, reliability, accuracy, safety, security, 159 privacy, maintainability, and durability of AI systems.","Qualcomm"
67,"Q10A. What measures do you suggest to instill trust and confidence regarding a robust and safe AI system among customers, TSPs and other related entities/stakeholders? Please justify your response with rationale and suitable examples, if any. This topic is dealt in the following ISO Technical Standards on Trust Worthiness and we assume that these would be able to address it: ISO/IEC AWI 12792 4 Transparency taxonomy of AI systems","Qualcomm"
68,"2 ISO/IEC AWI TS 12791 5 Treatment of unwanted bias in classification and regression machine learning tasks ISO/IEC AWI TS 8200 6 Controllability of automated artificial intelligence systems ISO/IEC AWI TS 5471 7 Quality evaluation guidelines for AI systems ISO/IEC TR 24029-1:2021 8 Assessment of the robustness of neural networks — Part 1: Overview ISO/IEC DIS 24029-2 9 Assessment of the robustness of neural networks — Part 2: Methodology for the use of formal methods ISO/IEC TR 24028:2020 10 Overview of trustworthiness in artificial intelligence ISO/IEC TR 24027:2021 11 Bias in AI systems and AI aided decision making ISO/IEC FDIS 23894 12 Guidance on risk management ISO/IEC PWI 18966 13 Oversight of AI systems ISO/IEC PWI 17866 14 Best practice guidance for mitigating ethical and societal concerns ISO/IEC AWI TS 6254 15 Objectives and approaches for explainability of ML models and AI systems ISO/IEC DTR 5469 16 Functional safety and AI systems","Qualcomm"
69,"Q10B. Whether adopting general principles such as Responsible AI and ethical principles at the time of designing and operationalizing the AI models will help in developing ethical solutions and instilling trust and confidence in the users? Please justify your response with rationale and suitable examples, if any.","Qualcomm"
70,"5 https://www.iso.org/standard/84110.html 6 https://www.iso.org/standard/83012.html 7 https://www.iso.org/standard/82570.html 8 https://www.iso.org/standard/77609.html 9 https://www.iso.org/standard/79804.html 10 https://www.iso.org/standard/77608.html 11 https://www.iso.org/standard/77607.html 12 https://www.iso.org/standard/77304.html 13 https://www.iso.org/committee/45306.html 14 https://genorma.com/en/project/show/iso:proj:83757 15 https://www.iso.org/standard/82148.html 16 https://www.iso.org/standard/81283.html","Qualcomm"
71,"IEEE 802 LAN/MAN Standards Committee (LMSC) thanks TRAI for issuing the consultation and the opportunity to provide feedback on “Leveraging Artificial Intelligence and Big Data in Telecommunication Sector”. The Consultation is an important mechanism for soliciting feedback that will provide TRAI with the information necessary.","IEEE 802 LMSC"
72,"IEEE 802 LMSC is a leading consensus-based industry standards body, producing standards for wireless networking devices, including wireless local area networks (“WLANs”), wireless specialty networks (“WSNs”), wireless metropolitan area networks (“Wireless MANs”), and wireless regional area networks (“WRANs”). We also produce standards for wired ethernet networks, and technologies produced by implementers of our standards are critical for all networked applications today.","IEEE 802 LMSC"
73,"IEEE 802 LMSC is a committee of the IEEE Standards Association and Technical Activities, two of the Major Organizational Units of the Institute of Electrical and Electronics Engineers (IEEE). IEEE has about 400,000 members in over 160 countries. IEEE’s core purpose is to foster technological innovation and excellence for the benefit of humanity. In submitting this document, IEEE 802 acknowledges and respects that other components of IEEE Organizational Units may have perspectives that differ from, or compete with, those of IEEE 802 LMSC. Therefore, this submission should not be construed as representing the views of IEEE as a whole 1.","IEEE 802 LMSC"
74,"In the past ten years, the IEEE 802 LMSC has overseen the development of standards (including both IEEE Std. 802.11ac-2014 [1] and IEEE Std. 802.11ax-2021 [2]) that operate in unlicensed bands and are capable of providing gigabit throughput, i.e., provide physical layer throughput over 1 Gb/s. The current Wi-Fi 6 and Wi-Fi 6E technologies [3] are developed based on the IEEE Std. 802.11ax-2021 standard. IEEE P802.11be [4] is expected to provide physical layer throughput capacity at gigabit speeds and it is the basis that the upcoming Wi-Fi 7 technologies [5] utilize for development. These IEEE 802 technologies have become an integral part of global citizens’ lives, known best as “the 5 GHz network”. Next generation technologies utilizing both 5 GHz and 6 GHz bands in order to satisfy new requirements in internet of things or lower latency and jitter requirements for applications such as home video, video conferencing or video gaming are already developed and continue to be improved by our hundreds of standards development contributors.","IEEE 802 LMSC"
75,"The next generation of WSN will increasingly play a role in the handset market segment. The secure digital transition of India’s households, public sector and industry will critically depend on opportunities from emerging technologies like high-precision positioning, object sensing, increased security and privacy by design feature and many other features already under development in IEEE 802. Notably, IEEE Std 802.15.4 serves billions of devices worldwide using unlicensed spectrum for many applications such as IoT sensors, monitoring, control, real-time location services, and secure access control. A major revision to the IEEE Std 802.15.4-2020 standard has commenced, rolling up several published amendments since 2020, including IEEE Std 802.15.4z-2020 [6], which defined enhanced UWB technology. IEEE Std 802.15.4z- 2020 is already widely being used in consumer, automotive, commercial, and industrial markets. In addition to the revision to IEEE Std 802.15.4-2020 a new amendment on ""Next generation UWB"", which will be rolled up in a future revision to IEEE 802.15.4, is being developed in task group IEEE 802.15.4ab [7] to","IEEE 802 LMSC"
76,"1 This document solely represents the views of IEEE 802 LMSC and does not necessarily represent a position of either the IEEE or the IEEE Standards Association. page 1 further enhance UWB capabilities for better performance, greater precision, and new uses such as presence detection and other sensing applications.","IEEE 802 LMSC"
77,"In light of the important role IEEE 802 technologies play in Indian network ecosystems and as related to the needs of citizens of India, IEEE 802 LMSC would like to highlight the importance of sufficient availability of license exempt spectrum. Developments in Wireless Access Systems (WAS) including Radio Local Area Networks (RLAN) such as Wireless Local Area Networks (WLAN) (IEEE 802.11) and Wireless Specialty Networks (WSN) (IEEE 802.15) technologies are crucial components in realizing the National Digital Communications Policy (NDCP) 2018 [8], seeking unlocking of the transformative power of digital communications networks for achieving the goal of digital empowerment and improved well- being of the people of India. More specifically, IEEE 802 technologies are critical in realizing Connect India mission to create broadband for all and the goal of 10 million public Wi-Fi Hotspots.","IEEE 802 LMSC"
78,"Artificial Intelligence Machine Learning (AIML) Topic Interest Group within the IEEE 802.11 working group [9] was initiated in May 2022 to explore use cases of AI/ML that will apply to IEEE 802.11 systems and devices as well as the technical feasibility of these use cases. The topic interest group is expected to complete its report on the topic by March 2023. The report is expected to include AI/ML use cases, requirements and features analysis, and technical feasibility analysis for IEEE 802.11.","IEEE 802 LMSC"
79,"The IEEE 802.11 AI/ML Topic Interest Group has delivered a tutorial on computation over the air for AI/ML for wireless communication in September 2022 and the materials can be downloaded in [10]. During the IEEE 802 November 2022 plenary from 13 November to 18 November 2022, there was also an IEEE 802 Tutorial entitled “Wi-Fi Meets ML: Re-thinking Next-generation Wi-Fi Networks” that describes representative use cases where AI/ML techniques are used to improve IEEE 802.11 performance, covering several examples in detail [11].","IEEE 802 LMSC"
80,"IEEE 802 LMSC would like to invite TRAI to follow IEEE 802 work in the AI/ML area and to incorporate IEEE 802 views on Artificial Intelligence and Machine Learning into the proceedings in addition to those from 3GPP. Our response highlights the role of IEEE 802 and IEEE 802.11 RLANs in supporting the Connect India mission to create broadband for all, for which we believe IEEE 802 technologies to be critical, while also supporting and complementing 5G networks.","IEEE 802 LMSC"
81,"IEEE 802 LMSC thanks the TRAI for providing this invaluable opportunity to provide this submission. IEEE 802 LMSC respectfully provides information about its project in the area of Artificial Intelligence and Machine Learning that will apply to IEEE 802.11 systems and RLAN.","IEEE 802 LMSC"
82,"[1] “IEEE Standard for Information Technology--Telecommunications and Information Exchange between Systems - Local and Metropolitan Area Networks--Specific Requirements - Part 11: Wireless LAN Medium Access Control (MAC) and Physical Layer (PHY) Specifications,” in IEEE Std 802.11- 2020 (Revision of IEEE Std 802.11-2016), pp.1-4379, 26 February 2021, doi: 10.1109/IEEESTD.2021.9363693. [2] “IEEE Standard for Information Technology--Telecommunications and Information Exchange between Systems Local and Metropolitan Area Networks--Specific Requirements Part 11: Wireless LAN Medium Access Control (MAC) and Physical Layer (PHY) Specifications Amendment 1: Enhancements for High-Efficiency WLAN,” in IEEE Std 802.11ax-2021 (Amendment to IEEE Std 802.11-2020) , vol., no., pp.1-767, 19 May 2021, doi: 10.1109/IEEESTD.2021.9442429. [3] IEEE 802.11 Enhanced High Throughput Task Group (P802.11be). https://www.ieee802.org/11/Reports/tgbe_update.htm [4] Discover Wi-Fi: Wi-Fi CERTIFIED 6. https://www.wi-fi.org/discover-wi-fi/wi-fi-certified-6 [5] Wi-Fi 7. https://www.wi-fi.org/who-we-are/current-work-areas#Wi-Fi%207 [6] “IEEE Standard for Low-Rate Wireless Networks--Amendment 1: Enhanced Ultra Wideb","IEEE 802 LMSC"
83,"Intel Corporation (Intel) appreciates the opportunity to submit comments to the Telecom Regulatory Authority of India (TRAI) on the “Consultation Paper on Leveraging Artificial Intelligence and Big Data in Telecommunication Sector”. Intel provides responses to a subset of the questions for consultation below. Intel is an industry leader, creating world-changing technology that enables global progress and enriches lives. Inspired by Moore’s Law, we continuously work to advance the design and manufacturing of semiconductors to help address our customers’ greatest challenges. By embedding intelligence in the cloud, network, edge and every kind of computing device, we unleash the potential of data to transform business and society for the better. Founded in 1968, Intel is a leading global semiconductor supplier; its processors, memory, storage, and other products power much of the world’s computing capability, including Artificial Intelligence (AI) applications that use machine learning and deep learning techniques as well as telecommunication network infrastructure.","Intel"
84,"Q1. What may be the most appropriate definition of Artificial Intelligence (AI)? What are the broad requirements to develop and deploy AI models in a telecom sector? Whether any major challenges are faced by the telecom service providers in adopting AI? Please justify your response with rationale and global practices, if any. The topic of how to appropriately define Artificial Intelligence has been the subject of lengthy deliberations. For example, the OECD provides the following explanation: An AI system is a machine-based system that is capable of influencing the environment by producing an output (predictions, recommendations or decisions) for a given set of objectives. It uses machine and/or human- based data and inputs to (i) perceive real and/or virtual environments; (ii) abstract these perceptions into models through analysis in an automated","Intel"
85,"ISO/IEC 22989:2022 defines an AI system as an engineered system that generates outputs such as content, forecasts, recommendations or decisions for a given set of human-defined objectives Note 1 to entry: The engineered system can use various techniques and approaches related to artificial intelligence (3.1.3) to develop a model (3.1.23) to represent data, knowledge (3.1.21), processes, etc. which can be used to conduct tasks (3.1.35). Note 2 to entry: AI systems are designed to operate with varying levels of automation (3.1.7).2","Intel"
86,"Although these types of definitions can be useful in terms of trying to factually explain how an AI system functions or the capabilities of an AI system, defining AI in terms of regulations is more challenging. For example, proposed regulatory language may be too broad resulting in including a wider swath of technologies than intended to be regulated. This could lead to a new approach in terms of thinking about the definition of AI in the context of regulations. For example, the UK, in their recent policy paper on “Establishing a pro-innovation approach to regulating AI” stated the following:3 Our preferred approach therefore is to set out the core characteristics of AI to inform the scope of the AI regulatory framework but allow regulators to set out and evolve more detailed definitions of AI according to their specific domains or sectors. This is in line with the government’s view that we should regulate the use of AI rather than the technology itself - and a detailed universally applicable definition is therefore not needed. Rather, by setting out these core characteristics, developers and users can have greater certainty about scope and the nature of UK regulatory concerns whil","Intel"
87,"1 https://oecd.ai/en/ai-principles 2 https://www.iso.org/obp/ui/#iso:std:iso-iec:22989:ed-1:v1:en 3 https://www.gov.uk/government/publications/establishing-a-pro-innovation-approach-to-regulating-ai/establishing- a-pro-innovation-approach-to-regulating-ai-policy-statement","Intel"
88,"2 Q3. Whether deployment of 5G and beyond technologies will help to accelerate adoption of AI in all the sectors and vice versa? Please justify your response with suitable illustrations including global practices, if any. The deployment of 5G and beyond technologies (as well as other technologies) is expected to accelerate digitalization, create massive connections by machine type communications, and generate huge amount of data. These developments can facilitate the adoption of AI in various sectors.","Intel"
89,"Q4. Do you think that a number of terminologies such as Trustworthy AI, Responsible AI, Explainable AI etc. have evolved to describe various aspects of AI but they overlap and do not have any standardised meanings? If yes, whether there is a need to define or harmonise these terms? Please justify your response with rationale and global practices, if any. Explainable AI is usually referred as one of the key characteristics of Trustworthy AI4. The terms Trustworthy AI and Responsible AI are often used interchangeably, albeit Responsible AI tends to denote “how” an organization or government are set to develop and deploy Trustworthy AI.5 This terminology has been well-disseminated by now. It is unlikely to warrant the development new workstreams to define or harmonize these terms. For example, as described above, the UK is now focusing on use cases rather than definitions.","Intel"
90,"Q.8. Whether risks and concerns such as privacy, security, bias, unethical use of AI etc. are restricting or likely to restrict the adoption of AI? List out all such risks and concerns associated with the adoption of AI. Please justify your response with rationale and suitable examples, if any. Governments are now considering how to balance these risks and concerns listed in the question with the benefits from AI innovation and deployment in setting principles and safeguards for the responsible stewardship of trustworthy AI. The OECD’s “Artificial Intelligence in","Intel"
91,"4 See for example: https://www.nist.gov/system/files/documents/2022/08/18/AI_RMF_2nd_draft.pdf https://digital-strategy.ec.europa.eu/en/library/ethics-guidelines-trustworthy-ai https://oecd.ai/en/ai-principles) 5 https://legalinstruments.oecd.org/en/instruments/OECD-LEGAL-0449","Intel"
92,"Q.9. What measures are suggested to be taken to address the risks and concerns listed in response to Q.8? Which are the areas where regulatory interventions may help to address these risks and concerns? Please justify your response with rationale and suitable examples, if any. As AI may be used in many different use cases and settings with varying degrees of risk, regulators may consider how to select policy measures that are context specific and risk and principles-based, as well as ways to reduce compliance burden to necessary measures, and how to leverage internationally accepted standards. This approach focuses on high-risk applications, while balancing the risks and benefits of a given AI application with appropriate oversight. Overly complex and onerous oversight could impede countries from reaping AI’s economic and societal benefits. As AI is a complex and evolving topic, the following considerations may be beneficial to take into account: i) risk-based accountability approaches combined with flexible regulatory guidelines allow organisations to adopt the most appropriate processes and policies and allocate resources accordingly; ii) the ongoing voluntary standardisation wor","Intel"
93,"Q.10. What measures do you suggest to instill trust and confidence regarding a robust and safe AI system among customers, TSPs and other related entities/stakeholders? Whether adopting general principles such as Responsible AI and ethical principles at the time of designing and operationalising the AI models will help in developing ethical solutions and instilling trust and confidence in the users? What may be such principles and who should formulate these and how compliance can be ensured? Please justify your response with rationale and","Intel"
94,"4 suitable examples, if any. 7 By mapping cross-sector value-based principles to specific sectoral contexts, policymakers can identify the high-risk use cases of AI for which there are regulatory gaps in oversight. The development and deployment of responsible AI systems to meet these value-based principles can be guided through references to international standards (e.g., ISO/IEC JTC 1/SC 42 AI).","Intel"
95,"While TRAI is seeking AI and Big Data recommendations in response to questions contained in the Consultation Paper, IEEE SA would like to note that there is significant work underway within its standards development ecosystem that could play an important role in framing how to build AI based capacity and capabilities within the Indian telecom and Information and Communications Technology (ICT) sector.","IEEE SA"
96,"About IEEE SA The IEEE Standards Association (IEEE SA) is a globally recognized standards-setting body within IEEE. We develop consensus standards through an open process that engages industry and brings together a broad stakeholder community. IEEE standards set specifications and best practices based on current scientific and technological knowledge. IEEE SA has a portfolio of over 1,500 active standards and over 650 standards under development. As a collaborative body, we liaise and coordinate with many standards organizations from around the world, including international, regional, and national standards bodies, as well as with industry organizations.","IEEE SA"
97,"About IEEE IEEE is the world's largest technical professional organization dedicated to advancing technology for the benefit of humanity. IEEE and its members inspire a global community to innovate for a better tomorrow through highly-cited publications, conferences, technology standards, and professional and educational activities. IEEE is the trusted “voice” for engineering, computing, and technology information around the globe.","IEEE SA"
98,"1 Q8 Whether risks and concerns such as privacy, security, bias, unethical use of AI etc. are restricting or likely to restrict the adoption of AI? List out all such risks and concerns associated with the adoption of AI. Please justify your response with rationale and suitable examples, if any.","IEEE SA"
99,"AI is dependent entirely on the governance structure, accountability mechanisms, and algorithms used for data collection, organization, and transfer. As the technological world ventures further towards automation, AI will need to adopt an ethical framework of data management to mitigate the concerns noted (e.g., security, privacy, unethical use). Responsible use and practice of AI systems is a counterpart to AI system trustworthiness. AI systems are not inherently bad or risky, and it is often the contextual environment that determines whether or not negative impact will occur.","IEEE SA"
100,"The full benefit of AI technologies will be attained only if they are aligned with society’s defined values and ethical principles. Risks related to privacy, security, bias, and unethical use of AI impact can impact the adoption of AI, and they fall under a broader umbrella of trustworthiness of AI and Autonomous and Intelligent Systems (AIS). For AI/AIS to be trustworthy it must reflect characteristics of accuracy, explain ability, interpretability, reliability, safety, and resilience, and should prioritize values of the technologies' users.","IEEE SA"
101,"A practical example of an approach to address this is represented in IEEE 7000, Standard Model Process for Addressing Ethical Concerns During System Design, which integrates ethical and functional requirements to mitigate risk and increase innovation in systems engineering design and development. Avoiding risk is a key concern for any organization but focusing solely on physical harms won’t provide a full picture of an end user’s experience of what is built. Artificial Intelligence Systems (AIS) driving many products and services today are driven by algorithms invisible to users that still deeply affect their data, identity, and values. Despite the best intentions of a manufacturer, without having a methodology to analyze and test how an end user interprets a product, service or system, a design process will prioritize the values of its creators. Responsible Innovation in the algorithmic era requires a values-oriented methodology that complements traditional systems engineering.","IEEE SA"
102,"Q9 What measures are suggested to be taken to address the risks and concerns listed in response to Q.8? Which are the areas where regulatory interventions may help to address these risks and concerns? Please justify your response with rationale and suitable examples, if any.","IEEE SA"
103,"There is a growing focus on risk-based management approaches and frameworks by various bodies, including the Organization for Economic Cooperation and Development (OECD)1, the US National Institute of Science and Technology, via its AI Risk Management Framework2, and addressed in the","IEEE SA"
104,"2 pending EU AI Act3, to name a few, with the intent to help better manage risks to individuals, organizations, and society associated with AI. Going hand-in-hand with such frameworks, as well as regulatory interventions, is the role of international technical and socio-technical standards and certification programs.","IEEE SA"
105,"IEEE, through its groundbreaking work around Ethically Aligned Design4 and through a collection of standardization projects and certification schemes is at the forefront of the efforts to help manage risks and benefits of AI or Autonomous Intelligent Systems. In addition, we work very closely with the key political actors to help close the gap between what develops in form of legislation and regulation and the self-regulation efforts by industry, in the form of voluntary standards produced in and through our open and transparent consensus-building platforms.","IEEE SA"
106,"IEEE SA has a portfolio of standards that address socio- and technical challenges and issues that promote innovation, foster interoperability and honor human values. IEEE global standards cover identifying and mitigating algorithmic bias, for documenting and protecting users’ interests in personal data, for evaluating reliability of online messaging, for protecting children’s personal information online, for assuring the safety of autonomous and intelligent systems, and other relevant areas. These include:","IEEE SA"
107,"“Q.17. Whether the authority or body or institution as suggested in response to Q.11 may also be entrusted with the task to manage and oversee collection, cataloguing and storage of data? Whether such authority or body or institution need to be entrusted to generate and make available synthetic data? Please justify your response with rationale and suitable examples, if any.”","Pratharva Partners"
108,"In absence of a legal framework regarding protection of personal data and non-personal data, vesting a body with powers to oversee collection, cataloguing and storage of data may be a tall ask. One aspect to be addressed is the role of synthetic data in ensuring data privacy, i.e., protecting privacy of user data. Entrusting a body or institution with responsibility to generate and make available synthetic data requires an insight into the privacy concerns involved in generation of such data. Our brief comments on the same is as following:","Pratharva Partners"
109,"i. In essence a ‘fake’ data as opposed to a ‘real’ data, synthetic data can enable machine learning by offering datasets with the similar statistical attributes as the original data. While de-identification takes away the utility, synthetic data is considered a viable privacy preserving technology for use in government sectors, health sector and software projects by offering a reasonably representative data and shareable data while ensuring privacy at the same time.","Pratharva Partners"
110,"iii. The de-anonymization/identification of personal information is the primary area of friction and concern in formulation of privacy laws and regulations. Synthetic data as a subset of anonymized data can do away with the possibility of identification as it does not refer to any particular real-world individual. It is viewed as offering indistinguishable results when compared with analysis undertaken on original data.","Pratharva Partners"
111,"iv. Even though synthetic data does not have a 1:1 relationship with real world data, the data is generated based on mobilization of the original dataset which can comprise of personal as well as non-personal data. However, it cannot be viewed as “silver bullet” data.","Pratharva Partners"
112,"v. The fidelity of synthetic data vests on the statistical similarity it offers to original data and thus synthetic data must be vetted after generation to check if it overfits the original data and refers to personal data. Addition of differential privacy measures is suggested on synthetic data to avoid risk of data leakage.","Pratharva Partners"
113,"vi. By using additive techniques in place of subtractive ones, synthetic data aids the data-privacy problem by producing statistically nearly-identical replica of original data. This does not change the fact that synthetic data reshapes the original data and raises concerns over the status of protection on the original dataset.","Pratharva Partners"
114,"viii. The authority or body or institution as described by the subsection 5.3.4 of the consultation paper must ascribe the standards for formulation of a synthetic data. Aspect of “leakage” must be addressed by the body before mobilizing the original datasets. 3","Pratharva Partners"
115,"1. Synthetic data and data protection, by Frederico Marengo, Synthetic data and data protection | Qubit Privacy. 2. Synthetic data, by Robert Reimann, Synthetic Data | European Data Protection Supervisor (europa.eu). 3. Synthetic Data: Applications in Data Privacy and Machine Learning, by Lulu Tan, Synthetic Data: Applications in Data Privacy and Machine Learning | by Lulu Tan | Towards Data Science. 4. Privacy and Synthetic Datasets, by Steven M. Bellovin,Preetam K. Dutta and Nathan Reitinger, 22 STAN. TECH. L. REV. 1 (2019), ARTICLE (stanford.edu). 5. What Synthetic Data Means to Information Privacy, CaseGuard, Synthetic Data, Privacy, Computer Programs, Technology (caseguard.com). 6. Reducing AI bias with Synthetic data, by Alexander Watson, Reducing AI bias with Synthetic data | Towards Data Science.","Pratharva Partners"
116,"DR. NIKHIL AGARWAL Chief Executive Officer FIRST & AIIDE, IIT Kanpur FOUNDATION FOR INNOVATION & RESEARCH IN SCIENCE &TECHNOLOGY (FIRST) nikhil@iitkfirst.com, nagarwal@iitk.ac.in SIBDI Building, Sixth Avenue, IIT Kanpur, Kalyanpur Kanpur Nagar, Uttar Pradesh, India - 208016","AIIDE IITK Pinnacle"
117,"At the outset, would like to thank you for sharing the Consultation paper on “Leveraging artificial intelligence and Big Data in the telecommunication sector” dated. 5h August 2022. We are hereby attaching our response jointly from the Artificial Intelligence and Innovation Driven Entrepreneurship Centre of Excellence IIT-Kanpur and Pinnacle Digital Analytics Private Ltd – a start-up working in Analytics and AI against the relevant questions.","AIIDE IITK Pinnacle"
118,"o Government must ensure to build an ecosystem with participation from Telecom operators, Premier Technology Institutes, and start-ups with an objective of creating IPR and ensuring technology lead. o Must facilitate funding for start-ups and educational institutes to build an appropriate skill set and promote research around AI o Availability of data set by the Telecom service providers in one place must be ensured. Currently, this is still a challenge. o As the country is committed to 5G deployment, relevant use cases must be agreed upon by the industry in partnership with Premier technical institutes and also start-ups working in this space to leverage intellectual capabilities beyond the own resources of Telecom service providers. o This is an excellent opportunity to build skilled resources in India for tapping global opportunities as an acute shortage of competent resources is a big challenge across the globe barring a few large companies. o Regulatory framework must not stifle growth at this stage. It must set broader guidelines to ensure that technology is deployed for a genuine cause and inappropriate use of data deployment is avoided and the privacy of consumers is protec","AIIDE IITK Pinnacle"
119,"Q.1 What may be the most appropriate definition of Artificial Intelligence (AI)? What are the broad requirements to develop and deploy AI models in the telecom sector? Whether any major challenges are faced by the telecom service providers in adopting AI? Please justify your response with rationale and global practices, if any.","AIIDE IITK Pinnacle"
120,"Broad Requirements: Availability of historical and real-time data from a centralized data source needed for modeling, validation, and final implementation. Building center of competence in partnership with educational institutes and analytics startups for leveraging knowledge and skill set beyond service providers. Organizational set up to focus on AI-driven initiatives. Investment plan with medium to near long terms benefits.","AIIDE IITK Pinnacle"
121,"Major Challenges: Routine operational challenges shift focus from such initiatives even from top management. Sanity and diversity of data strewn across islands are major hurdles. Building a culture of data and breaking the barriers of silos for accessing data needed for AI.","AIIDE IITK Pinnacle"
122,"Q.2 Whether the big data in the telecom sector may be utilized for developing AI models? For efficient and effective handling of big data, whether there is a need for the adoption of special programming models or software frameworks? Please justify your response with suitable examples.","AIIDE IITK Pinnacle"
123,"Res: Telecom sector has anyway mammoth data set. It has got Peta Byte of data in different forms and shapes. Big data as technology is any way would be needed for a centralized source of diverse data. AI model would need data for different use cases that are important to Telecom operators. In the overall AI framework, Data Engineering would play a critical role to extract the relevant data and normalize it for AI modeling.","AIIDE IITK Pinnacle"
124,"Res: Accelerated adoption of AI in the telecom sector should not be limited to 5G only. There are enough and more areas where AI can deploy even in 4G and also in adjacent areas of customer experience. There is a lack of focus in India on deploying AI relative to global practices.","AIIDE IITK Pinnacle"
125,"Confidential Page 3 Q.4. Do you think that a number of terminologies such as Trustworthy AI, Responsible AI, Explainable AI etc. have evolved to describe various aspects of AI but they overlap and do not have any standardized meanings? If yes, whether there is a need to define or harmonize these terms? Please justify your response with rationale and global practices, if any.","AIIDE IITK Pinnacle"
126,"Q.5. Which are the applications of AI and BD already being used by the TSPs in their networks to improve Quality of Service, Traffic Management, Spectrum Management, and Security purposes? Please list all such applications along with the level of maturity of such applications. Please specify whether they are at the trial stage or pilot stage or have reached the deployment stage. Details should include the type of AI models, methods to access data, and procedures to ensure the quality of data.","AIIDE IITK Pinnacle"
127,"Q.6 What are the major challenges faced by the telecom industry, including policy and regulatory, in developing, deploying, and scaling applications of AI listed in the response to Q.5? How can such challenges be overcome? Please justify your response with rationale and suitable examples, if any","AIIDE IITK Pinnacle"
128,"At the outset, we are thankful to TRAI for initiating this consultation paper and according opportunity to all stakeholders to present their views regarding commissioning and adoption of Artificial Intelligence and Big Data applications in the Telecommunication ecosystem.","Paytm"
129,"Paytm is India’s largest financial services platform with over 75 million monthly transacting users and 28 million merchants on its platform as of June 30, 2021. As per TRAI’s subscriber data of June 20221, there are about 801 million broadband Internet subscriber in India out of which only a meagre 29 million subscribers (3.62%) are wireline broadband Internet. This is a clear indication that about 96% of Internet users accesses various applications and services over the cellular network. The Fintech and Financial Services industry is no exception, as this ecosystem too relies significantly on wireless telecom service providers (hereinafter referred to as TSPs) to deliver seamless and secure financial services and products to end consumers.","Paytm"
130,"The present consultation paper is a welcome and timely initiative and we are pleased to note that TRAI has taken cognizance of the fact that Artificial Intelligence and Big Data applications on the telecommunication network can play a pivotal role in securing network access for edge applications. Even though the present consultation paper does not raise specific questions regarding role AI can play for financial security, we would like to take the liberty to submit our response with regard to issues that are specific to the financial services / Fintech ecosystem.","Paytm"
131,"Increasing smartphone usage throughout the world has accounted for large amounts of data being shared through digital means. Customers are required to fill in their personal information through online banking apps and also need their phone numbers to complete various everyday tasks that involve financial transactions (for e.g E-Commerce, banking transactions, E-Governance transactions like paying taxes, challans etc.). Meanwhile, the telecom industry continues to face concerns due to fraudulent activities like SIM swap fraud and data theft, both of which arise due to the lack of identity verification. Even though there have been developments in the form of remote operations, the industry is still not free of identity fraud and financial crime. Mobile devices that are used for making online transactions and communicating sensitive information are vulnerable to fraudulent activities. Even the smallest of loopholes in a mobile network can enable fraudsters to use smartphones for identity fraud, payment scams, and account takeover.","Paytm"
132,"Page 2 of 8 Fraudulent methods like SIM Boxes are now being adopted by scammers to capitalize on free SMS bundled with tariff plans. Using this method, fraudsters take payments and send SMS messages to thousands of random recipients to try and obtain personal information. If successful, they use the personal information for SIM swaps, which itself is a kind of identity theft targeting a mobile phone to get access to social media accounts, bank accounts, and even crypto wallets by getting their hands on OTPs (one-time passwords).","Paytm"
133,"SIM swapping fraud isn’t the end of the story, as phishing SMS techniques are also seen targeting telecommunication companies here and there. While SIM swapping remains an easy task for fraudsters, it has negative effects on both telcos and their customers. In the absence of regulatory measures that require robust identity verification measures, the industry will see increasing fraud rates in the years to come.","Paytm"
134,"Artificial intelligence (AI) is poised to improve security across the telecommunication landscape as rightly highlighted in the consultation paper. From AI-powered surveillance to automated data extraction, AI technologies are optimizing security efforts for telecommunication and financial institutions. AI development services are set to disrupt legacy processes like Know Your Customer or KYC for improved verification and enhanced customer experience. AI development for KYC deploys technologies like computer vision, Natural Language Processing (NLP), and machine learning for significant value generation.","Paytm"
135,"The traditional KYC process is laden with multiple layers of verification stages, both manual and digital. The process begins with the collection of data from millions of customers including prodigious volumes of documents and files. The next step involves manual validation of customer data that make KYC time- consuming, high-cost, and risk-based operation. On top of it, the continuous need for updating customer data in business logs challenges KYC completion with accuracy and efficiency. There are several challenges to this KYC process of TSPs that can be effectively addressed by AI:","Paytm"
136," Absence of centralized KYC database across operators, allowing unregistered telecallers to obtain multiple SIM cards across various operators.  Absence of AI driven analysis to detect intentional manipulation of KYC documents, specially the photograph to make it look like a different person. This enables the same person to obtain telecom resources exceeding the legally permitted quota.  Cross-match of KYC documentation for detection of anomalies and patterns thus helping in identification of KYC related frauds. Effective use of anti-counterfeit AI algorithms to detect fraudulent documentation. As","Paytm"
137,"Page 4 of 8 the next step, AI based detection agents / third-parties who are involved in such document / photograph manipulation.  AI driven automated messages/warnings to end consumers for re- verification and documentation in case of anomaly detection.","Paytm"
138,"II. AI based SPAM detection, enhancement and strict enforcement of Telecom Commercial Communications Customers’ Preference Regulations 2018. The consultation paper rightly highlights that “The TCCCPR 2018 highlighted that to deal with UCC from Unregistered Tele-Marketers (UTM), signature solutions need to be enhanced which shall be referred to as the UCC Detect System. While determining whether a person or entity is suspected sender of UCC, this system may include additional sources of inputs such as sending information (SI) from reports, inputs collected from Honeypots, information shared by Signature Solutions of other access providers and information available from network elements (examples of which are HLR, and Missed Call Alerts). Such a system would be able to identify suspected UTMs with greater accuracy when it is equipped with more information about suspected UCC senders.” While the TCCCPR 2018 was a step in the right direction, its half-hearted implementation by TSPs left much to be desired. As a result, SPAM SMS and calls continue in large numbers resulting in significant volumes of financial frauds. With such a huge fraud scenario in place, TSPs in India may be mandate","Paytm"
139,"2 https://mobile-magazine.com/technology-and-ai/ee-tackles-spam-calls-and-texts-with-latest-ai-technology Page 6 of 8 III. AI driven detection of SIM boxes and other illegal hardware The TCCPR 2018 regulations prohibits any unsolicited commercial communications from 10-digit mobile numbers and restricts such messages only through registered telemarketers who have registered valid Header IDs through any of the available DLT platforms. However, unscrupulous / unregistered telemarkets often do not register any Header IDs and use personal 10-digit mobile numbers to push high volume of Spam SMS. In order to circumvent the per day limit of 250 SMS, these UTMs make use of SIM boxes, each of which can accommodate hundreds of SIM cards at once and unable RTMs to push thousands of SMS in rapid succession and without any restriction. Clearly, usage of such SIM boxes or similar hardware is a serious contravention of applicable regulations, and must be curbed in order to ensure security of end-consumers. However, advances in AI and ML technologies have now enables detection of such illegal hardware on real time basis which can be adopted by TSPs, if they are accordingly mandated. Advanced machi","Paytm"
140,"At the outset, Tata Teleservices Limited and Tata Teleservices (Maharashtra) Limited [together called “TTL’] thank the Authority for releasing the Consultation Paper on “Leveraging Artificial Intelligence and Big Data in Telecommunication Sector” and calling for stake holders’ comments.","Tata Teleservices"
141,"Q.1. What may be the most appropriate definition of Artificial Intelligence (AI)? What are the broad requirements to develop and deploy AI models in a telecom sector? Whether any major challenges are faced by the telecom service providers in adopting AI? Please justify your response with rationale and global practices, if any.","Tata Teleservices"
142,"b) In a Telecom sector, AI could potentially be useful in Customer servicing through Virtual Assistance solutions (e.g., interactive chatbots). The AI model can also learn based on the customer data and propose churn propensity. Another critical use case is in the area of Service Assurance, i.e., to find correlation between alarms raised in Telecom network spread across multiple domain and multi-vendor Network Element scenarios. AI promises accuracy in Network and Service Impact analysis.","Tata Teleservices"
143,"c) The technology is still evolving, the investments in existing network domains limits AI use cases mainly at the core. The AI models at the edge computing is yet to be implemented along with relevant chipset enhancements which might have faster results in learning data patterns. However, at the core, the simplest use cases are customer usage patterns (via CDRs) keeping Customer privacy via anonymizing the customer data.","Tata Teleservices"
144,"Q.2. Whether the big data in the telecom sector may be utilised for developing AI models? For efficient and effective handling of big data, whether there is a need for adoption of special programming models or software frameworks? Please justify your response with suitable examples and global practices, if any.","Tata Teleservices"
145,"Big data is a norm today irrespective of sectors. In wireless technology utility value if more due to the volume of data and in enterprise the utility value comes from varied data/ complex data. Big data would definitely be of great utility in developing AI models which can be customized for industries / sectors. The benefit of all such models flows back to the industry either through enhanced products/ infrastructure/ proactive customer service. The more the data can be standardized the need for special programming may come down. However, if we have to achieve the N+1 norm in customer experience then adoption of special programming needs to be done at some point of time.","Tata Teleservices"
146,"The 5G and beyond technology promises higher multi-Gbps peak data speeds, ultra lower latency, massive network capacity, better reliability, availability and Quality of Experience (QoE). The AI/ML along with NDAF does offer computation e.g. Load-level, service experience and prediction for a network slice instance and applications respectively. It can also perform UE anomaly detection, behaviour prediction etc. The software based network in 5G coupled with AI will work coherently to automate network functions and take proactive steps. The acceleration comes from more and more devices getting onboarded onto 5G ecosystem because of the advantages it offers. These devices will generate enormous amount of data which further makes it important to have AI based network automation.","Tata Teleservices"
147,"Q.4. Do you think that a number of terminologies such as Trustworthy AI, Responsible AI, Explainable AI etc. have evolved to describe various aspects of AI but they overlap and do not have any standardised meanings? If yes, whether there is a need to define or harmonise these terms? Please justify your response with rationale and global practices, if any.","Tata Teleservices"
148,"There will be different use cases and scenarios across various sectors other than telecom. Depending on the use cases and organizational requirements, the terminologies like Responsible AI, Explainable AI, and Trustworthy AI can help build trust and reduce the risks and challenges that go along with them. Further, the terminologies such as Trustworthy AI, Responsible AI, Explainable AI etc., should not be looked at from the perspective of telecom sector only.","Tata Teleservices"
149,"Q.5. Which are the applications of AI and BD already being used by the TSPs in their networks to improve Quality of Service, Traffic Management, Spectrum Management and for Security purposes? Please list out all such applications along with the level of maturity of such applications. Please specify whether they are at trial stage or pilot stage or have reached the deployment stage? Details should include type of AI models, methods to access data, and procedures to ensure quality of data.","Tata Teleservices"
150,"Q.6. What are the major challenges faced by the telecom industry, including policy and regulatory, in developing, deploying, and scaling applications of AI listed in the response to Q.5? How can such challenges be overcome? Please justify your response with rationale and suitable examples, if any.","Tata Teleservices"
151,"We understand that the Government of India proposes to come out with a new Data Protection Bill and a Digital India Bill. These bills should provide the required legal framework and clarity for compliance and adoption of AI in India. Further, absence of Data Protection Bill is a major challenge towards adoption of AI. The Data Protection Bill will lay down how the data is to be utilised, restrictions on the use of personal data without consent of citizens, propose a framework that would regulate cross-border transfer of data, and accountability of data fiduciaries handling such data, removal of personal data among other things. Absence of these guidelines leads to lack of clarity and creates a blind spot for TSPs. Q.7. In which areas of other sectors including broadcasting, existing and future capabilities of the telecom networks can be used to leverage AI and BD? Please justify your response with rationale and suitable examples if any.","Tata Teleservices"
152,"Q.1. What may be the most appropriate definition of Artificial Intelligence (AI)? What are the broad requirements to develop and deploy AI models in a telecom sector? Whether any major challenges are faced by the telecom service providers in adopting AI? Please justify your response with rationale and global practices, if any.","Tata Communications"
153,"The consultation paper has correctly outlined the various ways and means companies and organizations are defining the AI considering their requirement and associated factors with the AI. Hence, there cannot be one definition which would serve the purpose of different organizations and all type of AIs i.e., Responsible AI (RAI), Explainable AI (XAI), trustworthy AI, Generative AI, Augmented AI, and Embedded AI should be considered as defining terms for the AI. AI is basically the simulation of human intelligence by machines/computers which leverages the problem-solving and decision-making capabilities of human mind through analyzing the large sum of data using computers and machines and we are of the view that there cannot be one definition of AI which can be termed appropriate and various versions of AI as highlighted in the consultation paper should be considered in the definition of an AI. AI is still at its nascent stage and defining the same in a certain way may restrict the role of AI and its usefulness in various fields.","Tata Communications"
154,"However, if at all, TRAI wishes to recommend/prescribe a definition of AI, then we suggest that the definition given by NITI Aayog and the subsequent categorization of AI into narrow(weak) and General AI should be suggested/recommended. As mentioned in the paper, there is no example of application of General AI and hence we would also like to suggest industry specific policy making focus on the domain of Narrow AI. It should also be noted that technologies that combine multiple approaches, e.g. Speech recognition and computer vision would also form a part of narrow AI.","Tata Communications"
155,"With the launch of 5G services in India as announced by the Hon’ble Prime Minister of India during the India Mobile Congress (IMC) 2022, India has entered in a new era of telecom services where 5G and IoT would transform the industry through their various Industry 4.0 applications. This would not just create an array of use cases towards industrial automation but would also make the telecom network more complex in terms of managing its performance and optimization of the network as per the requirement of various users. AI can help the telcos to build self-optimizing networks (SONs) to support the network functionality which varies with use cases. It can also help the telcos to identify patterns by analyzing their network data and detect/predict the network failure/anomalies. Telcos can use AI for predictive analytics based on data-driven insights that would help them monitor the network equipment’s health and create the pattern/prediction about their failure. Thus, one broad use case of AI in telecom would be towards network automation, optimization and prediction of network failure points so that necessary steps can be taken to avoid such incidents before its occurrence. Another b","Tata Communications"
156,"AI would help the telcos to achieve high network performance, fault management, customer support, business enablement, however, telcos have certain challenges in the adoption of the AI with its full ability. The current work force with the telcos have been working on traditional methods of network management, fault identification/restoration and handling customer queries etc. While telcos did adopt AI in some form e.g. chat bots, automatic voice response etc., however, the existing work force of the telcos are yet to adopt the necessary skill sets required to utilize the AI for their day to day work. Another challenge with telcos is to have the clean and standardized set of data which can be used to train and create the AI and its algorithm. Telecom network generates humongous data which are not created in equal i.e. the type and fields of the data varies with the processes, use cases, services and it is difficult to carve out the necessary data which can be used for creation and learning of any AI.","Tata Communications"
157,"1 https://techsee.me/blog/artificial-intelligence-in-telecommunications- industry/#:~:text=AI%20in%20the%20telecom%20industry%20uses%20advanced%20algorithms%20to%20look,bef ore%20customers%20are%20negatively%20impacted. 2 https://www.tatacommunications.com/blog/2021/07/3-ways-tata-communications-uses-ai-ml-to-create-future- ready-networks/ performs a service validation and alarm analysis on it. The diagnosis engine’s ML algorithms analyse all of the active alarms on the service and look for correlation to help engineers better and faster understanding of the faults in the future. Currently, 85% of severity one faults are successfully diagnosed by the ML-powered engine, reducing the Mean Time To Recovery (MTTR) while providing a seamless experience to customers. Aside from faults on the network, tata communications is also using AI/ML to automate the response to customer queries. For example, when a customer calls (from a registered number) the AI driven CRM system provides the account details to the customer service representative along with all the open or new fault’s that have recently been recorded, along with previous diagnoses and segmentations linked to that caller’s account.","Tata Communications"
158,"Furthermore, Tata Communications process all interactions through speech analytics to better understand customer sentiment. These analytics provide call handlers with near real-time insights on customer tone, so they can identify potentially dissatisfied callers and attempt customer experience recovery while they’re still on the line.","Tata Communications"
159,"As an organisation, Tata Communications remain invested in enhancing and expanding its network coverage. In this, Tata Communications is continuing to use AI and ML to analyse multiple factors and predict where future connectivity demand may come from. With the technology’s help, it can provide on-net connectivity for more customer sites with better service experience. For Customer Premises Equipment (CPE) management, Tata Communications is exploring the use of AI and ML to sharpen its CPE stocking algorithm. That way, Tata Communications can stock the right models and quantities of products, speed up service delivery and turn up to customer sites faster.","Tata Communications"
160,"On an average, Tata Communications receive around 50,000 emails every month. It’s a very popular channel for us and in the past our average response time was about 25 minutes. However, as a global provider of business-critical digital services to a plethora of industries, Tata Communications has understood that customers’ queries need to be heard as soon as possible. We also felt it important to make sure our customers had the ability to contact our support groups through any channel they so choose.","Tata Communications"
161,"To aid this, we started using AI and ML in the routing of customer tickets and calls. The natural learning Processing (NLP) engine helps automate our customer support workflows, which includes a chat-bot solution that fully automates third-party ticket resolution. The solution can also understand and respond to supplier updates, escalate when needed, share timely updates with customers and provide RFOs (Reason for Outage) in standardised templates. All of which is complemented by a seamless handover process between human and bot agents in the case of exceptions. Since the shift, 75% of our customer complaint emails are now processed via automation, with no need for human interference. This has significantly reduced our response time from 25 minutes to almost instantaneously – much faster than the industry standard of 15 minutes. There have also been numerous positive productivity benefits as a result, such as lower turnaround time, reduced time to rectify faults and better customer experiences. 4. End-to-end network event management","Tata Communications"
162,"Because our service offering is so tightly integrated with our partners and suppliers, we’re able to provide many additional end-to-end managed services for our customers. However, because of this diverse, third-party network ecosystem, the ability to detect faults in our network (which involves visible alarms and events from our network elements) is sometimes limited by our inability to also monitor all our partners’ networks for faults.","Tata Communications"
163,"To address this issue, our network operations teams deployed AI/ML solutions to observe and learn our ecosystem’s network traffic behaviours instead. Major events in the supplier network usually trigger multiple service faults in our systems. So, by comparing advanced fault and ticket patterns with ML-based algorithms, we can detect common and major faults in partner networks and quickly initiate responses.","Tata Communications"
164,"1. In the past few years, both Indian private and public sector companies and the Central and State governments have invested in multiple Artificial Intelligence (AI) use cases across diverse application areas. In fact, AI has started transforming the operational, functional, and strategic landscapes within various industry sectors. The scope and role of AI is also expanding. Organizations are infusing more of their enterprise applications and processes across functions with AI.","Vodafone Idea"
165,"2. AI and Big Data (BD) is also playing a role in telecom and over the years is expected to expand into various areas like enhancement of customer experience, personalization of services, AI led digital acceleration, smart business, sales operations, effective predictive maintenance, network optimization, network Security, Fraud Mitigation, Robotics Process Automation (RPA), power/spectrum optimization for cell-sites, supply-chain management apart from autonomous vehicles, smart drones, building smart cities to remote medical procedures, online game streaming etc. These will be some of the prime reasons driving AI market growth in telecom industry in the evolving digital ecosystem.","Vodafone Idea"
166,"3. However, it is vital to realize that AI is not a telecom service or a connectivity solution, rather a wider ICT technology which is emerging as an IT capability with applicability cut across sectors, and can be customized over a period of time to solve a lot of problems being experienced in today’s scenario.","Vodafone Idea"
167,"4. Also, the growth of AI has been relatively recent and its adoption in India is at a nascent stage. This will be very much driven by how the wider IT and computing capabilities of organizations develop. Any sort of regulation right now will stifle the adoption and hamper the innovation and practices being carried out in all sectors on the technology.","Vodafone Idea"
168,"5. The development, deployment and adoption of AI and BD in the telecom sector should be left to the market players for now as each player will have a different set of techno- commercial considerations and solutions to examine and implement based on their own networks and service needs.","Vodafone Idea"
169,"Q.1. What may be the most appropriate definition of Artificial Intelligence (AI)? What are the broad requirements to develop and deploy AI models in a telecom sector? Whether any major challenges are faced by the telecom service providers in adopting AI? Please justify your response with rationale and global practices, if any.","Vodafone Idea"
170,"1. As mentioned by TRAI in the Consultation Paper, till date, there is no globally accepted definition of AI and Governments, regulatory agencies, international agencies, and other forums have adopted varying definitions depending on the context before them.","Vodafone Idea"
171,"3. In our view, AI can be defined as “the augmentation of human decision making capability with near real time or real-time decision making using structured or unstructured streaming big data by the means of scalable computing machines and complex Machine Learning or Deep Learning Algorithms for pattern identification and inferencing”. These provide us actionable insights to run accelerated campaigns & Go to Market initiatives.","Vodafone Idea"
172,"a) Data Volumetric running into Petabytes, speed, scale, variety of data, data quality, retention period, regulatory norms for data storage & data monetization opportunities, multiple data sources, Comprehensive Cloudification - integrating / storing / Processing Big Data over cloud and inability to generate real-time or Near Real-time insights.","Vodafone Idea"
173,"b) Data Privacy & Security norms act as major road blocks in efficient rollout of use cases & hence, require review. More statutory flexibility & focus is needed in such technological transformation with TSP being backbone of Global Digital Transformation & Business outreach.","Vodafone Idea"
174,"c) Data monetization is one of the critical revenue streams for telecom operators. However, TSPs, even after having a veritable pool of customer behavior data, are still unable to reap the benefits of ways to monetize data and are bound by regulations which turns out be the biggest challenge. The telecom industry understands that the non-licensees are better placed to monetize data. Hence, creation of a level playing field is the need of the hour to fasten up AI adoption in the sector.","Vodafone Idea"
175,"Q.2. Whether the big data in the telecom sector may be utilised for developing AI models? For efficient and effective handling of big data, whether there is a need for adoption of special programming models or software frameworks? Please justify your response with suitable examples and global practices, if any.","Vodafone Idea"
176,"At the outset, we thank TRAI for coming out with timely Consultation Paper on ‘Leveraging Artificial Intelligence and Big Data in Telecommunication Sector’ (‘CP’). We note that in last few years, multiple departments, viz. MeitY, NITI Aayog and DoT have come out with papers on various facets related to AI and BD and we have submitted our inputs on most of them.","Reliance Jio"
177,"We note the Personal Data Protection Bill (‘PDP Bill’) has been withdrawn by the Government and a new comprehensive bill is likely to be introduced in due course of time. We believe that PDP Bill will form the bedrock of development of an effective data economy for our country by ensuring security of personal data by the data fiduciary and instilling confidence in the data principal.","Reliance Jio"
178,"Hence, we submit and stress that before we frame any regulation related to AI and BD in the country, it is imperative that a comprehensive PDP Bill and NPD Governance Framework is put in place to strike balance between harnessing potential of AI & BD and protecting interest of a data principal. Accordingly, we request and suggest the Authority should also allow for formulation of PDP Bill and NPD framework before assessing the need and scope of possible recommendations on leveraging AI and Big Data in Telecommunication sector.","Reliance Jio"
179,"1. While on a sectoral level, it is worthwhile to note that Telecom sector has inbuilt Data Privacy mechanism as part of Unified License terms and conditions, we are supportive of operationalizing an evolvable regulatory, institutional, and technology design/framework for secure data sharing that will empower individuals with control over their personal data. We believe that there is a need to adopt a nuanced approach which unlocks the immense potential of data for social/public/economic betterment of individuals but ensures that the agreed data sharing framework does not dilute or compromise the security of such shared data; it should uphold the protections afforded by PDP Bill. Only such a balanced data sharing framework can lead to development of a responsible AI and BD ecosystem.","Reliance Jio"
180,"2. AI is expected to have a positive impact across sectors of social and economic life, including employment, transportation, education, finance, healthcare, personal security and manufacturing. But at the same time, AI applications could pose concerns related to privacy, individual rights, autonomy, and civil liberties that must be carefully assessed and appropriately addressed. Its continued adoption and acceptance will depend significantly on public trust and validation. Hence it is important that reliable, robust, and responsible AI applications should be promoted, which will contribute to public trust in AI.","Reliance Jio"
181,"3. Given the early stage of AI technology maturity and deployment into products and services for consumers, our view is that it is premature to prescribe or enact legislation, which could stifle innovation. Although it is important that AI policy and regulatory framework should promote","Reliance Jio"
182,"1 reliable, robust, and responsible AI applications, which will contribute to public trust in AI. Hence, we submit that Authorities should consider a light touch risk-based regulatory approach for AI / BD applications, once a comprehensive PDP Bill and NPD Governance Framework is put in place.","Reliance Jio"
183,"4. The character, intensity and timing of regulatory intervention should be a function of the type of risk created by an AI system. We submit that the risk across use cases and contexts vary and evolve over time; and one-size-fits-all approach is not sustainable. A risk-based approach will avoid unnecessarily precautionary approaches to regulation that could unjustifiably inhibit innovation.","Reliance Jio"
184,"5. Developers and deployers of AI, more specifically under the telecom sector, are already subject to relevant licensing conditions and regulations, viz. consumer protection rules, data protection rules, cyber-security rules and competition rules along with provisions providing for protection of fundamental rights, viz. non-discrimination and privacy. We therefore believe that most of the possible concerns or risk areas would be effectively addressed particularly for telecom sector.","Reliance Jio"
185,"6. We therefore submit that there is no need for creation of a specific AI regulator and recommend that all existing regulators should consider and respond to the regulatory requirements and impact of the growing use of AI in the fields, for which they have responsibility. Although an advisory body should be formed which can advise the sector regulators in ensuring adoption of Principles of Responsible AI by high-risk AI developers. We suggest only upon formation of such advisory body and development of mentioned Principles, should the Authority consider releasing any recommendation on leveraging AI and Big Data in telecommunication sector. Details have been provided in our inputs in subsequent sections.","Reliance Jio"
186,"Q1. What may be the most appropriate definition of Artificial Intelligence (AI)? What are the broad requirements to develop and deploy AI models in a telecom sector? Whether any major challenges are faced by the telecom service providers in adopting AI? Please justify your response with rationale and global practices, if any.","Reliance Jio"
187,"1. We observe the rapid growth of AI and its increasing application by industry to replicate the cognitive and decision-making process of humans. Hence, we are aligned with the definition of AI as provided by NITI Aayog which defines AI as a constellation of technologies that enables machines to act with higher levels of intelligence and emulate the human capabilities of sense, comprehend and act.","Reliance Jio"
188,"I am forwarding herewith detailed comments on the Consultation Paper on Leveraging AI and Big Data in Telecommunications Sector issued by TRAI on Aug. 5, 2022. The comments are based on my background in the domain of law with the focus on regulation of techno-legal intersection. Accordingly, the comments are engaging with those issues for consultation which even peripherally relate to the aspects of legal regulations.","Abhijit Rohi"
189,"The questions are divided under 5 heads and under each of them, question by question comments are provided. The five heads are as follows: 1. Regulatory Framework 2. AI Concepts 3. Regulatory Sandboxes and Lighthouse Projects 4. Academia and industry linkages 5. AI and Big Data in Telecom Sector","Abhijit Rohi"
190,"The model proposed in these comments for effective regulation of the emerging technologies is highly futuristic. It seeks to adopt a sector-agnostic approach for regulation as the fundamental concerns over the impact of the technologies over individual rights and the harm that the emerging technologies may exert on the human beings may be similar irrespective of the sector they are deployed in. Additionally, the research and development in the technology domain will remain continuous and perpetual occurrence.","Abhijit Rohi"
191,"Acknowledgements I am thankful for the research assistance provided by the following students of BA, LLB (Hons.) programme at NLU Mumbai. Final Year: Vaishnavi Sharma, Shreenandini Mukhopadhyay Fourth Year: Ninad Ajane, Aditya Hawaldar Third Year: Ahsnat Mokarim, Ananya Agarwal, Aparna Bhatnagar Second Year: Srujan Nirkhee, Harshita Sharma, Kartikeya Kothari, Sameep Baral, Prathamesh Bhutada","Abhijit Rohi"
192,"Question 11: Whether there is a need of telecom/ICT sector specific or a common authority or a body or an institution to check and ensure compliance of national level and sector specific requirements for AI? If yes, what should be the composition, roles and responsibilities of such authority or body or institution? Please justify your response with rationale and suitable examples or best practices, if any.","Abhijit Rohi"
193,"In recent years with the exponential growth of startups in India,1 regulation and protection of data has become imperative for the government. It is material to re-iterate that India does not have a comprehensive data protection regime in place, unlike other countries/jurisdictions such as Australia,2 EU,3 Brazil,4 New Zealand,5 South Korea,6 etc. Consequently, devising a regulatory structure for AI in the absence of an overarching data protection & regulation regime becomes a challenging task. However, this provides policymakers with the opportunity to appropriately gauge the failures and successes of other regulatory mechanisms in other jurisdictions, especially with regard to AI and BD regulation.","Abhijit Rohi"
194,"As has been noted,7 extant issues and concerns about AI technology are not new and already persist in various forms. The primary challenge faced by the proposed authority would be to design and formulate norms and guidelines that enable the effective realization of the fundamental right to privacy across various sectors. This issue gets further exacerbated when one considers the complex and omnipresent usages of AI currently in the private and public sectors, and the accelerating pace at which such systems are designed, adopted, and utlised or anticipated to be utilised by the governments in near future.8 With the current revamping of the data protection and regulation regime in India and the building anxieties over it,9 it will be a formidable challenge for the government to come up with an AI regime that (i) is consistent with","Abhijit Rohi"
195,"1 MINISTRY OF COMMERCE AND INDUSTRY, Evolution of Startup India: Capturing the 5-Year story, available at https://www.startupindia.gov.in/content/dam/invest- india/Templates/public/5_years_Achievement_report%20_%20PRINT.pdf. 2 The Privacy Act, 1988 (Australia), available at https://www.ag.gov.au/rights-and- protections/privacy#:~:text=The%20Privacy%20Act%201988%20 (Last visited on September 14, 2022). 3 General Data Protection Regulation (GDPR), available at https://gdpr-info.eu/ (Last visited on September 14,","Abhijit Rohi"
196,"(Last visited on September 14, 2022). 6 Personal Information Protection Act (PIPA) 2011 (South Korea) available at https://www.privacy.go.kr/eng/laws_policies_list.do (Last visited on September 14, 2022). 7 NITI AAYOG, Responsible AI: Approach Document for India: Part 2 - Operationalizing Principles for Responsible AI,","Abhijit Rohi"
197,"public sector work, 26, April 2017, available at https://www2.deloitte.com/us/en/insights/focus/cognitive- technologies/artificial-intelligence-government.html (Last visited on September 14, 2022). 9 Union government rolls back Data Protection Bill, THE HINDU (2022), available at https://www.thehindu.com/news/national/union-government-rolls-back-data-protection-bill/article65721160.ece. (Last visited on September 14, 2022).","Abhijit Rohi"
198,"● address clearly specified policy objectives, ● are consistent with other, existing regulations, ● have effective monitoring and compliance mechanisms, ● maximise benefits and minimize costs, ● provide a degree of flexibility where possible to allow the regulated to find the lowest cost way, ● of complying with specified requirements, ● minimise compliance costs – both those borne by regulated entities and the government itself, ● are transparent in their operation and impacts, ● contain appropriate appeals mechanisms.","Abhijit Rohi"
199,"Co-regulation is a type of regulatory model which consists of a primary regulation, as well as some form of direct participation of stakeholders or their representation. This model seeks to establish a regulatory structure where both private and public sectors (the regulator and the regulated), are actively involved in the regulatory decision-making processes. As identified by the OECD, while co-regulation involves active participation of stakeholders, it entails explicit governmental involvement, providing the requisite government involvement and legislative backing to effectively enforce and implement the laws, and impose penalties in cases of non-compliance.11 Considering the sector-agnostic nature of AI and its deep pervasiveness in the public and private sector, co-regulation provides for an effective mechanism for dispute resolution; greater consumer protection; greater willingness by industry stakeholders to abide by the laws and regulations.","Abhijit Rohi"
200,"Q.1. What may be the most appropriate definition of Artificial Intelligence (AI)? What are the broad requirements to develop and deploy AI models in a telecom sector? Whether any major challenges are faced by the telecom service providers in adopting AI? Please justify your response with rationale and global practices, if any.","Priyank Chandra"
201,"Artificial Intelligence has come a long way since it was first coined by John McCarthy in 1956. Focus of AI was on machine-driven intelligence (i.e. non-human intelligence) to enable machine learn and execute functions on their own. Each era has envisioned its own definition of AI and maturity of machine learning evolved with time. Hence it is important to define AI in a reference of time. If we look at Gartner hype cycle 2021, it shows various AI solutions getting ready in short to longer term timeframe.","Priyank Chandra"
202,"Reference: Gartner Definition of AI by Niti Aayog is an appropriate one in today’s context. NITI Aayog in its report on the National AI Strategy defines AI as a constellation of technologies that enables machines to act with higher levels of intelligence and emulate the human capabilities of sense, comprehend and act while acknowledging the largely accepted definition of AI outlined by scientists such as John McCarthy, Alan Turing, and Marvin Minsky. However, AI is witnessing new research and we may revisit the definition at regular interval as this area evolves.","Priyank Chandra"
203,"Requirements to develop and deploy AI models in telecom sector is evolving based on telco value chain. Right from network vendors, application players, content and third party platforms, devices and customer, there is evolution of new use cases towards end customer experience, revenue upliftment and cost optimization. Telcos are adopting AI for process automation and at network side for operational efficiencies through predictive maintenance and operations. Telcos are also re-engineering processes for bringing proactive customer experience by using ML capabilities built in application products. AI is being introduced at end user and devices through edge and building tinyML approach of power computing and analysis right at end node/device. AI is an evolving area where there is lot of experimental approach is in progress. Telecom being a regulated industry and telcos are facing few challenges as they introduce AI/ML in their eco-system. There is focus on data governance and privacy followed by regulatory driven needs for compliance and approvals of data usage. Telcos are also facing two prong imperative, one is to adopt through regulated driven approach for their network and customer","Priyank Chandra"
204,"Another key requirement is quality skilled talent for AI adoption. Telcos are looking for onboarding key skills for growth. In order to create a talent some telcos have launched AI schools and accelerators. For ex, Jio has launched program in AI and Data science (https://www.jioinstitute.edu.in/academics/artificial-intelligence-data-science ) Singtel has launched a lab to train people with AI skills ( https://www.zdnet.com/article/singtel-to-open-sg42m-ai-lab-in-singapore/ )","Priyank Chandra"
205,"Third challenge expected in this area is regulatory. AI being a new area has lot of ambiguity in well defined framework. As new learnings surface up telcos have to continuously create business case and approach for getting regulatory approval for use cases. It is important to build a community around AI and ML in telecom for more smooth transition towards regulatory process.","Priyank Chandra"
206,"Q.2. Whether the big data in the telecom sector may be utilised for developing AI models? For efficient and effective handling of big data, whether there is a need for adoption of special programming models or software frameworks? Please justify your response with suitable examples and global practices, if any.","Priyank Chandra"
207,"Proliferation of devices and affordable data charges changed the way services are being consumed by consumers and enterprises. Approach for consuming big data itself has changed driven by cloud adoption over past decade. Therefore, it is important for Telcos to adopt both business and software frameworks for big data strategy in alignment to their business imperatives. Big Data strategy requires a process, people and technology driven framework for an efficient and effective handling of Big data covering establishing data governance for identifying right processes for data to be consumed and technology to mine the data in a productive way. Today, data sources are no longer confined to single hosting location but spread across in a hybrid cloud world. Analysis of data of data across 4Vs- volume, veracity, velocity and variety requires close integration between Telcos/Media companies, Cloud player and Data Cloud platform start-ups and enterprises. For ex, GDPR regulation clearly defines process on data usage across Europe. It has clear guidelines on why and what data can be used and how it can be used across the consumption chain with an empowered rights to end customer. Cloud landin","Priyank Chandra"
208,"While 5G will be a catalyst in accelerating of AI, it will be more towards the foundation side. There are still barriers in providing seamless connectivity and speed given the ongoing expansion of 5G launches. Even in US, telcos don’t have an extensive 5G coverage to a level where AI use cases can ride purely on 5G. EU markets has mixed picture of 5G rollout (https://www.gsma.com/membership/resources/the-mixed-picture-for-5g-in- europe/ ) while high speed telecom market like Korea is yet to find firm score (https://www.reuters.com/business/media-telecom/skoreas-high-speed-5g-mobile- revolution-gives-way-evolution-2022-05-13/ )","Priyank Chandra"
209,"Success of AI in sectors depends on dedicated connected solution for edge level computing. There is lot of existing focus for building AI/ML capability right on the last mile edge device ( sensors, watches, camera, etc) rather than using them as just data collectors and sending whole data either to edge server or application server on cloud/data center for analysis and ML processing and transmitting it back to end device for action. Most of the use cases on AR/VR or enterprise are supported mainly on Wi-fi or private 5G network. Therefore, role of ‘beyond technologies’ will be critical. 6G is focusing on immersive experience which will help in enabling advanced AI use cases both for consumer and enterprises. Telcos are launching their partnerships with both hyperscalers (Google , T-Mobile ), Verizon-Azure, Verizon-Immarsat, T-mobile-SpaceX for improving their connectivity through satellite communication. Rather than single stream of fiber driven or 5G technology, other doors like cloud and satellite broadband are expected to promote more experimentation of AI use cases in all sectors.","Priyank Chandra"
210,"Q.4. Do you think that a number of terminologies such as Trustworthy AI, Responsible AI, Explainable AI etc. have evolved to describe various aspects of AI but they overlap and do not have any standardised meanings? If yes, whether there is a need to define or harmonise these terms? Please justify your response with rationale and global practices, if any.","Priyank Chandra"
211,"Transition towards AI has been a journey where key foundation steps defined these terminologies. These were like lego blocks which are being connected together to get a more clear AI framework and this journey will be an ongoing one. Yes, they do overlap with common hooks which helps in connecting them together for defining AI principles. While they have varied approach and definition, there is a need to harmonize them into industry terminologies and be open about discovering new ones.","Priyank Chandra"
212,"The telecom sector has experienced several automation phases. While previous connections were still made manually by switching cables, hardware later automated this work. These features no longer need specific hardware but are virtually defined through software.","CPA Himmatnagar"
213,"The telecommunication industry is riding the waves of the tech revolution and digital transformation to offer a wider variety of services to its consumers. However, consumers in today’s digital world will not be happy with run-of-the- mill products and services – they also demand a better quality of services and more responsive service providers. Data-driven insights relied on solutions powered by AI and ML can help telecom providers fulfill these expectations. Most of the current AI applications focus on improving specific parameters. These are strictly defined applications such as:","CPA Himmatnagar"
214,"The use of Artificial Intelligence in telecommunications can help solve several complex and sometimes long problematic issues and at the same time yield tons of added value to both consumers and operators alike. The latter has always been collecting substantial amounts of telemetry and service usage statistics, but most of it never got used in a meaningful way due to the lack of the right software.","CPA Himmatnagar"
215,"With AI, this massive array of previously unused data can be turned into fertile soil for growing new services, improving the quality of existing ones, taking customer experience to a new level, and optimizing business operations. According to relatively recent studies, AI in telecom companies will be generating nearly 11 billion dollars by 2025 — a staggering amount that is likely to keep growing as the scope of AI applications expands. The complexity of communications networks seems to increase inexorably with the deployment of new services, such as software-defined wide area networking ( SD-WAN ), and new technology paradigms, such as network functions virtualization ( NFV ). To meet ever rising customer expectations, communication service providers need to increase the intelligence of their network operations, planning and optimization. Artificial intelligence ( AI ) and machine learning ( ML ) will be key to automating network operations and enhancing the customer experience. Although “ Big Data “ analytics is already widespread in the telecom industry, it is typically conducted in batch, after the fact, and used to manually update rules and policies. In order to move to real ","CPA Himmatnagar"
216,"ISSUES FOR CONSULTATION Q.1. What may be the most appropriate definition of Artificial Intelligence (AI)? What are the broad requirements to develop and deploy AI models in a telecom sector? Whether any major challenges are faced by the telecom service providers in adopting AI? Please justify your response with rationale and global practices, if any. Comments :","CPA Himmatnagar"
217,"At its simplest form, artificial intelligence is a field, which combines computer science and robust datasets, to enable problem-solving. It also encompasses sub-fields of machine learning and deep learning, which are frequently mentioned in conjunction with artificial intelligence. These disciplines are comprised of AI algorithms which seek to create expert systems which make predictions or classifications based on input data. 2. "" It is the science and engineering of making intelligent machines, especially intelligent computer programs. It is related to the similar task of using computers to understand human intelligence, but AI does not have to confine itself to methods that are biologically observable."" – John McCarthi","CPA Himmatnagar"
218,"3. Stuart Russell and Peter Norving in his book “ Artificial Intelligence : A Modern Approach “ , which becomes one of the leading textbook in study of AI , they delve into four potential goals or definition of AI, which differentiates computer system on the basis of rationality and thinking VS. Acting.","CPA Himmatnagar"
219,"5. Artificial intelligence is the simulation of human intelligence processes by machines, especially computer systems. Specific applications of AI include expert systems, natural language processing, speech recognition and machine vision. 6. In the simplest terms, AI which stands for artificial intelligence refers to systems or machines that mimic human intelligence to perform tasks and can iteratively improve themselves based on the information they collect.","CPA Himmatnagar"
220,"7. Artificial intelligence (AI), the ability of a digital computer or computer- controlled robot to perform tasks commonly associated with intelligent beings. The term is frequently applied to the project of developing systems endowed with the intellectual processes characteristic of humans, such as the ability to reason, discover meaning, generalize, or learn from past experience. 8. AI is not a single technology. It is an umbrella term that includes any type of software or hardware component that supports machine learning, computer vision, natural language understanding (NLU) and natural language processing (NLP). 9. Artificial intelligence leverages computers and machines to mimic the problem-solving and decision-making capabilities of the human mind. In these definitions, the concept of intelligence refers to some kind of ability to plan, reason and learn, sense and build some kind of perception of knowledge and communicate in natural language. 10. Artificial Intelligence is the ability of a computer program to learn and think.","CPA Himmatnagar"
221,"(i) “Artificial intelligence is a computerized system that exhibits behaviour that is commonly thought of as requiring intelligence.” (ii) “Artificial Intelligence is the science of making machines do things that would require intelligence if done by man.”","CPA Himmatnagar"
222,"In general terms, AI refers to a broad field of science encompassing not only computer science but also psychology, philosophy, linguistics and other areas. AI is concerned with getting computers to do tasks that would normally require human intelligence. Having said that, there are many points of view on AI and many definitions exist.","CPA Himmatnagar"
223,"Artificial intelligence (AI) refers to the simulation of human intelligence in machines that are programmed to think like humans and mimic their actions. The term may also be applied to any machine that exhibits traits associated with a human mind such as learning and problem-solving.","CPA Himmatnagar"
